,ticker
0,A
1,AA
2,AADR
3,AAL
4,AAMC
5,AAME
6,AAN
7,AAOI
8,AAON
9,AAP
10,AAPL
11,AAT
12,AAU
13,AAXJ
14,AB
15,ABBV
16,ABCB
17,ABEO
18,ABEV
19,ABG
20,ABIO
21,ABM
22,ABR
23,ABT
24,ABUS
25,AC
26,ACA
27,ACAD
28,ACB
29,ACCO
30,ACER
31,ACET
32,ACGL
33,ACHC
34,ACHV
35,ACIU
36,ACIW
37,ACLS
38,ACM
39,ACMR
40,ACN
41,ACNB
42,ACOR
43,ACP
44,ACRE
45,ACRS
46,ACST
47,ACTG
48,ACU
49,ACV
50,ACWI
51,ACWV
52,ACWX
53,ADAP
54,ADBE
55,ADC
56,ADI
57,ADIL
58,ADM
59,ADMA
60,ADNT
61,ADP
62,ADSK
63,ADT
64,ADTN
65,ADUS
66,ADVM
67,ADX
68,ADXS
69,AE
70,AEE
71,AEF
72,AEG
73,AEHR
74,AEIS
75,AEL
76,AEM
77,AEMD
78,AEO
79,AEP
80,AER
81,AES
82,AEYE
83,AEZS
84,AFB
85,AFG
86,AFK
87,AFL
88,AFMD
89,AFT
90,AG
91,AGCO
92,AGD
93,AGEN
94,AGG
95,AGI
96,AGIO
97,AGM
98,AGM.A
99,AGMH
100,AGNC
101,AGO
102,AGQ
103,AGR
104,AGRO
105,AGRX
106,AGS
107,AGX
108,AGYS
109,AGZ
110,AHH
111,AHT
112,AI
113,AIA
114,AIF
115,AIG
116,AIHS
117,AIN
118,AINC
119,AIR
120,AIRG
121,AIRI
122,AIRT
123,AIT
124,AIV
125,AIZ
126,AJG
127,AJX
128,AKAM
129,AKBA
130,AKO.A
131,AKO.B
132,AKR
133,AKTS
134,AKTX
135,AL
136,ALB
137,ALCO
138,ALDX
139,ALE
140,ALEX
141,ALG
142,ALGN
143,ALGT
144,ALIM
145,ALK
146,ALKS
147,ALL
148,ALLE
149,ALLK
150,ALLO
151,ALLT
152,ALLY
153,ALNY
154,ALOT
155,ALPN
156,ALRM
157,ALRN
158,ALSN
159,ALT
160,ALTM
161,ALTR
162,ALV
163,ALX
164,AM
165,AMAL
166,AMAT
167,AMBA
168,AMBC
169,AMBO
170,AMC
171,AMCX
172,AMD
173,AME
174,AMED
175,AMG
176,AMGN
177,AMH
178,AMID
179,AMJ
180,AMKR
181,AMLP
182,AMN
183,AMNB
184,AMP
185,AMPE
186,AMPH
187,AMR
188,AMRC
189,AMRK
190,AMRN
191,AMRX
192,AMS
193,AMSC
194,AMSF
195,AMSWA
196,AMT
197,AMTB
198,AMTD
199,AMTX
200,AMWD
201,AMX
202,AMZN
203,AN
204,ANAB
205,ANDE
206,ANET
207,ANF
208,ANGI
209,ANGL
210,ANGO
211,ANIK
212,ANIP
213,ANIX
214,ANSS
215,ANY
216,AOA
217,AOD
218,AOK
219,AOM
220,AON
221,AOR
222,AOS
223,AOSL
224,AP
225,APA
226,APAM
227,APD
228,APDN
229,APEI
230,APH
231,APLE
232,APLS
233,APM
234,APO
235,APOG
236,APPF
237,APPN
238,APPS
239,APT
240,APTO
241,APTV
242,APTX
243,APVO
244,APWC
245,APYX
246,AQB
247,AQMS
248,AQN
249,AQST
250,AR
251,ARAY
252,ARC
253,ARCB
254,ARCC
255,ARCH
256,ARCO
257,ARCT
258,ARDC
259,ARDS
260,ARDX
261,ARE
262,ARES
263,ARGX
264,ARI
265,ARKR
266,ARL
267,ARLO
268,ARLP
269,ARMK
270,AROC
271,AROW
272,ARR
273,ARRY
274,ARTNA
275,ARTW
276,ARVN
277,ARW
278,ARWR
279,ASA
280,ASB
281,ASC
282,ASEA
283,ASG
284,ASGN
285,ASH
286,ASIX
287,ASLN
288,ASM
289,ASMB
290,ASML
291,ASND
292,ASNS
293,ASPN
294,ASPS
295,ASPU
296,ASR
297,ASRT
298,ASRV
299,ASTC
300,ASTE
301,ASUR
302,ASX
303,ASYS
304,ATAI
305,ATEC
306,ATEN
307,ATGE
308,ATHM
309,ATHX
310,ATI
311,ATKR
312,ATLC
313,ATLO
314,ATNI
315,ATNM
316,ATO
317,ATOM
318,ATOS
319,ATR
320,ATRA
321,ATRC
322,ATRI
323,ATRO
324,ATSG
325,ATUS
326,ATVI
327,ATXI
328,AU
329,AUBN
330,AUDC
331,AUMN
332,AUPH
333,AUTL
334,AVA
335,AVAL
336,AVAV
337,AVB
338,AVD
339,AVDL
340,AVGO
341,AVGR
342,AVK
343,AVNS
344,AVNW
345,AVRO
346,AVT
347,AVXL
348,AVY
349,AWF
350,AWI
351,AWK
352,AWP
353,AWR
354,AWRE
355,AWX
356,AX
357,AXDX
358,AXGN
359,AXL
360,AXNX
361,AXON
362,AXP
363,AXR
364,AXS
365,AXSM
366,AXTA
367,AXTI
368,AY
369,AYI
370,AYTU
371,AZN
372,AZO
373,AZPN
374,AZUL
375,AZZ
376,B
377,BA
378,BAB
379,BABA
380,BAC
381,BAH
382,BAK
383,BAM
384,BANC
385,BAND
386,BANF
387,BANR
388,BANX
389,BAP
390,BATRA
391,BATRK
392,BAX
393,BB
394,BBCP
395,BBD
396,BBDC
397,BBDO
398,BBGI
399,BBH
400,BBN
401,BBSI
402,BBU
403,BBVA
404,BBW
405,BBY
406,BC
407,BCBP
408,BCC
409,BCE
410,BCH
411,BCLI
412,BCML
413,BCO
414,BCOV
415,BCOW
416,BCPC
417,BCRX
418,BCS
419,BCSF
420,BCTF
421,BCV
422,BCX
423,BDC
424,BDJ
425,BDL
426,BDN
427,BDX
428,BE
429,BEAT
430,BECN
431,BEDU
432,BELFA
433,BELFB
434,BEN
435,BEP
436,BERY
437,BF.A
438,BF.B
439,BFAM
440,BFC
441,BFIN
442,BFK
443,BFS
444,BFST
445,BFZ
446,BG
447,BGB
448,BGFV
449,BGH
450,BGI
451,BGNE
452,BGR
453,BGS
454,BGSF
455,BGT
456,BGX
457,BGY
458,BH
459,BH.A
460,BHB
461,BHC
462,BHE
463,BHF
464,BHK
465,BHLB
466,BHP
467,BHR
468,BHV
469,BHVN
470,BIB
471,BIDU
472,BIG
473,BIIB
474,BIL
475,BILI
476,BIO
477,BIO.B
478,BIOL
479,BIP
480,BIS
481,BIT
482,BIV
483,BJ
484,BJK
485,BJRI
486,BK
487,BKD
488,BKE
489,BKF
490,BKH
491,BKLN
492,BKN
493,BKNG
494,BKSC
495,BKT
496,BKTI
497,BKU
498,BKYI
499,BL
500,BLBD
501,BLCM
502,BLD
503,BLDP
504,BLDR
505,BLE
506,BLFS
507,BLIN
508,BLK
509,BLKB
510,BLMN
511,BLNK
512,BLPH
513,BLRX
514,BLUE
515,BLV
516,BLW
517,BLX
518,BMA
519,BME
520,BMI
521,BMO
522,BMRA
523,BMRC
524,BMRN
525,BMY
526,BND
527,BNED
528,BNGO
529,BNO
530,BNS
531,BNTC
532,BNY
533,BOE
534,BOH
535,BOIL
536,BOKF
537,BOLD
538,BOND
539,BOOM
540,BOOT
541,BOSC
542,BOTJ
543,BOX
544,BOXL
545,BP
546,BPMC
547,BPOP
548,BPRN
549,BPT
550,BPTH
551,BR
552,BRAC
553,BRC
554,BRF
555,BRFS
556,BRID
557,BRK.A
558,BRK.B
559,BRKL
560,BRKR
561,BRN
562,BRO
563,BRT
564,BRX
565,BRY
566,BSAC
567,BSBR
568,BSET
569,BSGM
570,BSIG
571,BSL
572,BSM
573,BSRR
574,BST
575,BSV
576,BSVN
577,BSX
578,BTA
579,BTAI
580,BTAL
581,BTE
582,BTG
583,BTI
584,BTO
585,BTT
586,BTU
587,BTZ
588,BUD
589,BUI
590,BURL
591,BUSE
592,BV
593,BVN
594,BW
595,BWA
596,BWB
597,BWEN
598,BWFG
599,BWG
600,BWX
601,BWXT
602,BWZ
603,BX
604,BXC
605,BXMT
606,BXMX
607,BXP
608,BY
609,BYD
610,BYFC
611,BYM
612,BYSI
613,BZH
614,BZQ
615,BZUN
616,C
617,CAAP
618,CAAS
619,CABO
620,CAC
621,CACC
622,CACI
623,CADE
624,CAE
625,CAF
626,CAG
627,CAH
628,CAKE
629,CAL
630,CALA
631,CALM
632,CALX
633,CAMP
634,CAMT
635,CANE
636,CANF
637,CANG
638,CAPL
639,CAPR
640,CAR
641,CARA
642,CARG
643,CARS
644,CART
645,CARV
646,CARZ
647,CASA
648,CASH
649,CASI
650,CASS
651,CASY
652,CAT
653,CATC
654,CATO
655,CATY
656,CB
657,CBAN
658,CBAT
659,CBAY
660,CBD
661,CBFV
662,CBH
663,CBL
664,CBNK
665,CBOE
666,CBRE
667,CBRL
668,CBSH
669,CBT
670,CBU
671,CBZ
672,CC
673,CCB
674,CCBG
675,CCD
676,CCEP
677,CCI
678,CCJ
679,CCK
680,CCL
681,CCLP
682,CCM
683,CCNE
684,CCO
685,CCOI
686,CCRN
687,CCS
688,CCU
689,CDE
690,CDLX
691,CDMO
692,CDNA
693,CDNS
694,CDTX
695,CDW
696,CDXC
697,CDXS
698,CDZI
699,CE
700,CECO
701,CEE
702,CEF
703,CEI
704,CEIX
705,CELC
706,CELH
707,CEM
708,CENT
709,CENTA
710,CENX
711,CEPU
712,CERS
713,CET
714,CETX
715,CEV
716,CEVA
717,CEW
718,CF
719,CFBK
720,CFFI
721,CFFN
722,CFG
723,CFR
724,CFRX
725,CG
726,CGA
727,CGBD
728,CGC
729,CGEN
730,CGNX
731,CGO
732,CGW
733,CHCI
734,CHCO
735,CHCT
736,CHD
737,CHDN
738,CHE
739,CHEF
740,CHEK
741,CHGG
742,CHH
743,CHI
744,CHIQ
745,CHK
746,CHKP
747,CHKR
748,CHMG
749,CHMI
750,CHN
751,CHNR
752,CHRS
753,CHRW
754,CHT
755,CHTR
756,CHUY
757,CHW
758,CHY
759,CI
760,CIA
761,CIB
762,CIEN
763,CIF
764,CIG
765,CIG.C
766,CIGI
767,CII
768,CIK
769,CIM
770,CINF
771,CIO
772,CIVB
773,CIVI
774,CIX
775,CIZN
776,CJJD
777,CKPT
778,CKX
779,CL
780,CLAR
781,CLB
782,CLBK
783,CLDT
784,CLDX
785,CLF
786,CLFD
787,CLGN
788,CLH
789,CLIR
790,CLLS
791,CLM
792,CLMT
793,CLNE
794,CLPR
795,CLPS
796,CLRB
797,CLRO
798,CLS
799,CLSD
800,CLW
801,CLWT
802,CLX
803,CM
804,CMA
805,CMBS
806,CMC
807,CMCL
808,CMCM
809,CMCO
810,CMCSA
811,CMCT
812,CME
813,CMF
814,CMG
815,CMI
816,CMLS
817,CMP
818,CMPR
819,CMRE
820,CMRX
821,CMS
822,CMT
823,CMTL
824,CMU
825,CNA
826,CNC
827,CNDT
828,CNET
829,CNF
830,CNFR
831,CNHI
832,CNI
833,CNK
834,CNMD
835,CNNE
836,CNO
837,CNOB
838,CNP
839,CNQ
840,CNS
841,CNSL
842,CNTY
843,CNX
844,CNXN
845,CNXT
846,COCP
847,CODA
848,CODI
849,CODX
850,COE
851,COF
852,COHN
853,COHR
854,COHU
855,COKE
856,COLB
857,COLD
858,COLL
859,COLM
860,COMM
861,CONN
862,COO
863,COOP
864,COP
865,COR
866,CORN
867,CORP
868,CORR
869,CORT
870,COST
871,COTY
872,CP
873,CPA
874,CPAC
875,CPB
876,CPE
877,CPER
878,CPF
879,CPG
880,CPHC
881,CPHI
882,CPIX
883,CPK
884,CPLP
885,CPRI
886,CPRT
887,CPRX
888,CPS
889,CPSH
890,CPSS
891,CPT
892,CQP
893,CR
894,CRAI
895,CRBP
896,CRC
897,CRD.A
898,CRD.B
899,CREG
900,CRESY
901,CREX
902,CRF
903,CRH
904,CRI
905,CRIS
906,CRK
907,CRL
908,CRM
909,CRMD
910,CRMT
911,CRNT
912,CRNX
913,CRON
914,CROX
915,CRS
916,CRSP
917,CRT
918,CRTO
919,CRUS
920,CRVL
921,CRVS
922,CRWS
923,CSBR
924,CSCO
925,CSD
926,CSGP
927,CSGS
928,CSIQ
929,CSL
930,CSM
931,CSPI
932,CSQ
933,CSSE
934,CSTE
935,CSTM
936,CSTR
937,CSV
938,CSWC
939,CSWI
940,CSX
941,CTAS
942,CTBI
943,CTHR
944,CTLT
945,CTMX
946,CTO
947,CTR
948,CTRA
949,CTRE
950,CTRN
951,CTS
952,CTSH
953,CTSO
954,CTXR
955,CUBA
956,CUBE
957,CUBI
958,CUE
959,CUK
960,CULP
961,CURE
962,CURO
963,CUT
964,CUTR
965,CUZ
966,CVBF
967,CVCO
968,CVE
969,CVEO
970,CVGI
971,CVGW
972,CVI
973,CVLT
974,CVLY
975,CVM
976,CVNA
977,CVR
978,CVS
979,CVU
980,CVV
981,CVX
982,CVY
983,CW
984,CWB
985,CWBC
986,CWBR
987,CWCO
988,CWEN
989,CWEN.A
990,CWH
991,CWI
992,CWK
993,CWST
994,CWT
995,CX
996,CXE
997,CXH
998,CXSE
999,CXW
1000,CYAN
1001,CYBR
1002,CYCC
1003,CYD
1004,CYH
1005,CYRX
1006,CYTK
1007,CZA
1008,CZNC
1009,CZR
1010,CZWI
1011,D
1012,DAC
1013,DAIO
1014,DAKT
1015,DAL
1016,DAN
1017,DAR
1018,DARE
1019,DAVA
1020,DAVE
1021,DB
1022,DBA
1023,DBB
1024,DBC
1025,DBD
1026,DBE
1027,DBEF
1028,DBEM
1029,DBL
1030,DBO
1031,DBP
1032,DBVT
1033,DBX
1034,DCF
1035,DCI
1036,DCO
1037,DCOM
1038,DCPH
1039,DDD
1040,DDM
1041,DDS
1042,DE
1043,DEA
1044,DECK
1045,DEI
1046,DELL
1047,DEM
1048,DENN
1049,DEO
1050,DERM
1051,DES
1052,DESP
1053,DEW
1054,DFE
1055,DFIN
1056,DFJ
1057,DFP
1058,DFS
1059,DG
1060,DGICA
1061,DGICB
1062,DGII
1063,DGLY
1064,DGP
1065,DGS
1066,DGT
1067,DGX
1068,DGZ
1069,DHF
1070,DHI
1071,DHIL
1072,DHR
1073,DHS
1074,DHT
1075,DHX
1076,DHY
1077,DIA
1078,DIAX
1079,DIG
1080,DIM
1081,DIN
1082,DIOD
1083,DIS
1084,DIT
1085,DJCO
1086,DJP
1087,DK
1088,DKL
1089,DKS
1090,DLA
1091,DLB
1092,DLHC
1093,DLN
1094,DLNG
1095,DLPN
1096,DLR
1097,DLS
1098,DLTH
1099,DLTR
1100,DLX
1101,DMAC
1102,DMB
1103,DMF
1104,DMLP
1105,DMO
1106,DMRC
1107,DNB
1108,DNL
1109,DNLI
1110,DNN
1111,DNOW
1112,DNP
1113,DO
1114,DOC
1115,DOCU
1116,DOG
1117,DOGZ
1118,DOL
1119,DOMO
1120,DON
1121,DOOO
1122,DOOR
1123,DORM
1124,DOV
1125,DOX
1126,DPG
1127,DPZ
1128,DQ
1129,DRD
1130,DRH
1131,DRI
1132,DRIO
1133,DRN
1134,DRQ
1135,DRRX
1136,DSGX
1137,DSI
1138,DSKE
1139,DSL
1140,DSM
1141,DSS
1142,DSU
1143,DSWL
1144,DSX
1145,DTD
1146,DTE
1147,DTF
1148,DTH
1149,DTSS
1150,DUK
1151,DVA
1152,DVAX
1153,DVN
1154,DVY
1155,DVYA
1156,DVYE
1157,DWM
1158,DWSN
1159,DWX
1160,DX
1161,DXC
1162,DXCM
1163,DXD
1164,DXF
1165,DXJ
1166,DXLG
1167,DXPE
1168,DXR
1169,DXYN
1170,DY
1171,DYNT
1172,DYSL
1173,DZSI
1174,DZZ
1175,E
1176,EA
1177,EAD
1178,EAF
1179,EAGL
1180,EARN
1181,EAST
1182,EAT
1183,EB
1184,EBAY
1185,EBF
1186,EBMT
1187,EBND
1188,EBR
1189,EBR.B
1190,EBS
1191,EBTC
1192,EC
1193,ECC
1194,ECF
1195,ECH
1196,ECL
1197,ECNS
1198,ECON
1199,ECOR
1200,ECPG
1201,ED
1202,EDAP
1203,EDD
1204,EDF
1205,EDIT
1206,EDIV
1207,EDN
1208,EDRY
1209,EDU
1210,EDUC
1211,EDV
1212,EE
1213,EEA
1214,EEFT
1215,EELV
1216,EEM
1217,EEMA
1218,EEMO
1219,EEMS
1220,EEMV
1221,EES
1222,EET
1223,EEV
1224,EEX
1225,EFA
1226,EFAV
1227,EFBI
1228,EFC
1229,EFG
1230,EFO
1231,EFOI
1232,EFR
1233,EFSC
1234,EFT
1235,EFV
1236,EFX
1237,EFZ
1238,EGAN
1239,EGBN
1240,EGF
1241,EGHT
1242,EGLE
1243,EGO
1244,EGP
1245,EGRX
1246,EGY
1247,EHC
1248,EHI
1249,EHTH
1250,EIDO
1251,EIG
1252,EIGR
1253,EIM
1254,EIRL
1255,EIS
1256,EIX
1257,EKSO
1258,EL
1259,ELAN
1260,ELD
1261,ELF
1262,ELLO
1263,ELMD
1264,ELOX
1265,ELP
1266,ELS
1267,ELSE
1268,ELTK
1269,EMB
1270,EMCB
1271,EMD
1272,EME
1273,EMF
1274,EMIF
1275,EMITF
1276,EMKR
1277,EML
1278,EMLC
1279,EMLP
1280,EMMS
1281,EMN
1282,EMO
1283,EMR
1284,EMX
1285,ENB
1286,ENG
1287,ENIC
1288,ENLC
1289,ENPH
1290,ENR
1291,ENS
1292,ENSG
1293,ENSV
1294,ENTA
1295,ENTG
1296,ENTX
1297,ENV
1298,ENVA
1299,ENX
1300,ENZ
1301,ENZL
1302,EOD
1303,EOG
1304,EOI
1305,EOLS
1306,EOS
1307,EOT
1308,EPAM
1309,EPC
1310,EPD
1311,EPHE
1312,EPI
1313,EPIX
1314,EPM
1315,EPOL
1316,EPP
1317,EPR
1318,EPRT
1319,EPS
1320,EPU
1321,EQ
1322,EQBK
1323,EQC
1324,EQH
1325,EQIX
1326,EQL
1327,EQNR
1328,EQR
1329,EQS
1330,EQT
1331,EQWL
1332,ERC
1333,ERF
1334,ERH
1335,ERIC
1336,ERIE
1337,ERII
1338,ERJ
1339,ERX
1340,ERY
1341,ES
1342,ESBA
1343,ESCA
1344,ESE
1345,ESEA
1346,ESGR
1347,ESI
1348,ESLT
1349,ESNC
1350,ESNT
1351,ESP
1352,ESPR
1353,ESQ
1354,ESRT
1355,ESS
1356,ESSA
1357,ESTA
1358,ESTC
1359,ET
1360,ETB
1361,ETG
1362,ETJ
1363,ETN
1364,ETO
1365,ETON
1366,ETR
1367,ETRN
1368,ETSY
1369,ETV
1370,ETW
1371,ETX
1372,ETY
1373,EUFN
1374,EUM
1375,EUO
1376,EURN
1377,EUSA
1378,EV
1379,EVA
1380,EVBG
1381,EVBN
1382,EVC
1383,EVER
1384,EVF
1385,EVFM
1386,EVG
1387,EVGN
1388,EVH
1389,EVI
1390,EVLO
1391,EVLV
1392,EVM
1393,EVN
1394,EVOK
1395,EVOL
1396,EVR
1397,EVRG
1398,EVRI
1399,EVT
1400,EVTC
1401,EVV
1402,EVX
1403,EW
1404,EWA
1405,EWBC
1406,EWC
1407,EWD
1408,EWG
1409,EWH
1410,EWK
1411,EWL
1412,EWN
1413,EWO
1414,EWP
1415,EWQ
1416,EWV
1417,EWW
1418,EWX
1419,EWY
1420,EWZ
1421,EWZS
1422,EXAS
1423,EXC
1424,EXEL
1425,EXG
1426,EXI
1427,EXK
1428,EXLS
1429,EXP
1430,EXPD
1431,EXPE
1432,EXPI
1433,EXPO
1434,EXPR
1435,EXR
1436,EXTR
1437,EYE
1438,EYEG
1439,EYEN
1440,EYPT
1441,EZA
1442,EZJ
1443,EZM
1444,EZPW
1445,EZU
1446,F
1447,FAB
1448,FAD
1449,FAF
1450,FAM
1451,FAMI
1452,FAN
1453,FANG
1454,FANH
1455,FARM
1456,FARO
1457,FAS
1458,FAST
1459,FAT
1460,FATE
1461,FAX
1462,FBIO
1463,FBIZ
1464,FBK
1465,FBMS
1466,FBNC
1467,FBP
1468,FBT
1469,FBZ
1470,FC
1471,FCA
1472,FCAP
1473,FCBC
1474,FCCO
1475,FCEL
1476,FCF
1477,FCFS
1478,FCN
1479,FCNCA
1480,FCO
1481,FCPT
1482,FCT
1483,FCX
1484,FDBC
1485,FDD
1486,FDL
1487,FDM
1488,FDN
1489,FDP
1490,FDS
1491,FDT
1492,FDTS
1493,FDUS
1494,FDX
1495,FE
1496,FEDU
1497,FEI
1498,FEIM
1499,FELE
1500,FEM
1501,FEMS
1502,FEN
1503,FENC
1504,FENG
1505,FEP
1506,FET
1507,FEX
1508,FEZ
1509,FF
1510,FFA
1511,FFBC
1512,FFBW
1513,FFC
1514,FFIC
1515,FFIN
1516,FFIV
1517,FFNW
1518,FFWM
1519,FG
1520,FGB
1521,FGBI
1522,FGD
1523,FGEN
1524,FGM
1525,FHB
1526,FHN
1527,FI
1528,FIBK
1529,FICO
1530,FIF
1531,FILL
1532,FIS
1533,FISI
1534,FISK
1535,FITB
1536,FIVE
1537,FIVN
1538,FIW
1539,FIX
1540,FIZZ
1541,FJP
1542,FKU
1543,FL
1544,FLC
1545,FLEX
1546,FLGT
1547,FLIC
1548,FLL
1549,FLN
1550,FLNT
1551,FLO
1552,FLOT
1553,FLOW
1554,FLR
1555,FLRN
1556,FLS
1557,FLTR
1558,FLWS
1559,FLXS
1560,FM
1561,FMAO
1562,FMBH
1563,FMC
1564,FMN
1565,FMNB
1566,FMS
1567,FMX
1568,FMY
1569,FN
1570,FNB
1571,FNCB
1572,FND
1573,FNF
1574,FNK
1575,FNKO
1576,FNLC
1577,FNV
1578,FNWB
1579,FNX
1580,FNY
1581,FOF
1582,FOLD
1583,FONR
1584,FOR
1585,FORD
1586,FORM
1587,FORR
1588,FORTY
1589,FOSL
1590,FOX
1591,FOXA
1592,FOXF
1593,FPA
1594,FPAY
1595,FPF
1596,FPH
1597,FPI
1598,FPL
1599,FPX
1600,FR
1601,FRA
1602,FRBA
1603,FRBK
1604,FRD
1605,FRI
1606,FRME
1607,FRO
1608,FRPH
1609,FRPT
1610,FRSH
1611,FRSX
1612,FRT
1613,FSBC
1614,FSBW
1615,FSD
1616,FSFG
1617,FSI
1618,FSK
1619,FSLR
1620,FSM
1621,FSP
1622,FSS
1623,FSTR
1624,FSV
1625,FSZ
1626,FT
1627,FTA
1628,FTAG
1629,FTAI
1630,FTC
1631,FTCS
1632,FTDR
1633,FTEK
1634,FTF
1635,FTFT
1636,FTI
1637,FTK
1638,FTNT
1639,FTRI
1640,FTS
1641,FTV
1642,FUL
1643,FULT
1644,FUN
1645,FUNC
1646,FUND
1647,FUSB
1648,FUV
1649,FVCB
1650,FVD
1651,FWONA
1652,FWONK
1653,FWRD
1654,FXA
1655,FXB
1656,FXC
1657,FXD
1658,FXE
1659,FXF
1660,FXG
1661,FXH
1662,FXI
1663,FXL
1664,FXN
1665,FXO
1666,FXR
1667,FXU
1668,FXY
1669,FXZ
1670,FYC
1671,FYT
1672,FYX
1673,G
1674,GAB
1675,GABC
1676,GAIA
1677,GAIN
1678,GAL
1679,GALT
1680,GAM
1681,GASS
1682,GATX
1683,GBAB
1684,GBCI
1685,GBDC
1686,GBF
1687,GBLI
1688,GBR
1689,GBX
1690,GCBC
1691,GCC
1692,GCI
1693,GCO
1694,GCV
1695,GD
1696,GDDY
1697,GDEN
1698,GDL
1699,GDO
1700,GDOT
1701,GDS
1702,GDV
1703,GDX
1704,GE
1705,GECC
1706,GEF
1707,GEF.B
1708,GEL
1709,GEN
1710,GENC
1711,GENE
1712,GEO
1713,GEOS
1714,GERN
1715,GES
1716,GEVO
1717,GF
1718,GFF
1719,GFI
1720,GGAL
1721,GGB
1722,GGG
1723,GGM
1724,GGN
1725,GGT
1726,GGZ
1727,GH
1728,GHC
1729,GHG
1730,GHM
1731,GHY
1732,GIB
1733,GIFI
1734,GIGM
1735,GII
1736,GIII
1737,GIL
1738,GILD
1739,GILT
1740,GIS
1741,GKOS
1742,GLAC
1743,GLAD
1744,GLBS
1745,GLBZ
1746,GLD
1747,GLDD
1748,GLL
1749,GLMD
1750,GLNG
1751,GLO
1752,GLOB
1753,GLP
1754,GLPG
1755,GLPI
1756,GLQ
1757,GLRE
1758,GLT
1759,GLTR
1760,GLU
1761,GLV
1762,GLW
1763,GLYC
1764,GM
1765,GMDA
1766,GME
1767,GMED
1768,GMF
1769,GMRE
1770,GMS
1771,GNE
1772,GNK
1773,GNL
1774,GNMA
1775,GNPX
1776,GNR
1777,GNRC
1778,GNT
1779,GNTX
1780,GNTY
1781,GNW
1782,GOF
1783,GOGL
1784,GOGO
1785,GOLD
1786,GOLF
1787,GOOD
1788,GOOG
1789,GOOGL
1790,GOOS
1791,GORO
1792,GOVT
1793,GPC
1794,GPI
1795,GPK
1796,GPMT
1797,GPN
1798,GPOR
1799,GPRE
1800,GPRK
1801,GPRO
1802,GPS
1803,GRAM
1804,GRBK
1805,GRC
1806,GREK
1807,GRF
1808,GRFS
1809,GRI
1810,GRID
1811,GRIF
1812,GRIN
1813,GRMN
1814,GRNQ
1815,GROW
1816,GRPN
1817,GRTS
1818,GRVY
1819,GRX
1820,GS
1821,GSAT
1822,GSBC
1823,GSBD
1824,GSC
1825,GSG
1826,GSHD
1827,GSIT
1828,GSK
1829,GSL
1830,GSM
1831,GSY
1832,GT
1833,GTE
1834,GTES
1835,GTHX
1836,GTIM
1837,GTLS
1838,GTN
1839,GTN.A
1840,GTX
1841,GTY
1842,GUNR
1843,GURE
1844,GURU
1845,GUT
1846,GV
1847,GVA
1848,GVI
1849,GVP
1850,GWRE
1851,GWRS
1852,GWW
1853,GWX
1854,GXC
1855,GXG
1856,GYLD
1857,GYRO
1858,H
1859,HA
1860,HAE
1861,HAFC
1862,HAIN
1863,HALL
1864,HALO
1865,HAP
1866,HAS
1867,HASI
1868,HAYN
1869,HBAN
1870,HBB
1871,HBCP
1872,HBI
1873,HBIO
1874,HBM
1875,HBNC
1876,HCA
1877,HCC
1878,HCI
1879,HCKT
1880,HCM
1881,HCP
1882,HCSG
1883,HD
1884,HDB
1885,HDG
1886,HDGE
1887,HDSN
1888,HDV
1889,HE
1890,HEAR
1891,HEDJ
1892,HEES
1893,HEI
1894,HEI.A
1895,HELE
1896,HEQ
1897,HES
1898,HESM
1899,HF
1900,HFBL
1901,HFFG
1902,HFRO
1903,HFWA
1904,HGV
1905,HHS
1906,HI
1907,HIBB
1908,HIE
1909,HIFS
1910,HIG
1911,HIHO
1912,HII
1913,HIMX
1914,HIO
1915,HIVE
1916,HIW
1917,HIX
1918,HL
1919,HLF
1920,HLI
1921,HLIT
1922,HLNE
1923,HLT
1924,HLTH
1925,HLX
1926,HMC
1927,HMN
1928,HMNF
1929,HMNY
1930,HMST
1931,HMY
1932,HNI
1933,HNNA
1934,HNRG
1935,HNW
1936,HOFT
1937,HOG
1938,HOLI
1939,HOLX
1940,HOMB
1941,HON
1942,HONE
1943,HOPE
1944,HOV
1945,HP
1946,HPE
1947,HPF
1948,HPI
1949,HPP
1950,HPQ
1951,HPS
1952,HQH
1953,HQL
1954,HQY
1955,HR
1956,HRB
1957,HRI
1958,HRL
1959,HROW
1960,HRTG
1961,HRTX
1962,HRZN
1963,HSBC
1964,HSDT
1965,HSIC
1966,HSII
1967,HSON
1968,HST
1969,HSTM
1970,HSY
1971,HTBI
1972,HTBK
1973,HTD
1974,HTGC
1975,HTH
1976,HTHT
1977,HTLD
1978,HTLF
1979,HTY
1980,HTZ
1981,HUBB
1982,HUBG
1983,HUBS
1984,HUM
1985,HUN
1986,HURC
1987,HURN
1988,HUSA
1989,HUYA
1990,HVT
1991,HVT.A
1992,HWBK
1993,HWC
1994,HWKN
1995,HXL
1996,HY
1997,HYAC
1998,HYB
1999,HYD
2000,HYEM
2001,HYG
2002,HYI
2003,HYMB
2004,HYS
2005,HYT
2006,HZO
2007,IAC
2008,IAE
2009,IAF
2010,IAG
2011,IAI
2012,IAK
2013,IART
2014,IAT
2015,IAU
2016,IBB
2017,IBCP
2018,IBIO
2019,IBKR
2020,IBM
2021,IBN
2022,IBND
2023,IBOC
2024,IBP
2025,IBTX
2026,ICAD
2027,ICCC
2028,ICCH
2029,ICD
2030,ICE
2031,ICF
2032,ICFI
2033,ICHR
2034,ICL
2035,ICLK
2036,ICLN
2037,ICLR
2038,ICUI
2039,IDA
2040,IDCC
2041,IDE
2042,IDEX
2043,IDHQ
2044,IDLV
2045,IDMO
2046,IDN
2047,IDT
2048,IDU
2049,IDV
2050,IDX
2051,IDXG
2052,IDXX
2053,IEF
2054,IEFA
2055,IEI
2056,IEMG
2057,IEO
2058,IEP
2059,IESC
2060,IEUS
2061,IEV
2062,IEX
2063,IEZ
2064,IFF
2065,IFGL
2066,IFMK
2067,IFN
2068,IFRX
2069,IGA
2070,IGD
2071,IGE
2072,IGF
2073,IGI
2074,IGIB
2075,IGLB
2076,IGLD
2077,IGM
2078,IGOV
2079,IGR
2080,IGSB
2081,IGT
2082,IGV
2083,IHD
2084,IHE
2085,IHF
2086,IHG
2087,IHI
2088,IHT
2089,IHTA
2090,IHY
2091,IIF
2092,III
2093,IIIN
2094,IIIV
2095,IIM
2096,IIPR
2097,IJH
2098,IJJ
2099,IJK
2100,IJR
2101,IJS
2102,IJT
2103,ILF
2104,ILMN
2105,ILPT
2106,ILTB
2107,IMAX
2108,IMKTA
2109,IMMP
2110,IMMR
2111,IMO
2112,IMOS
2113,IMRN
2114,IMTE
2115,IMXI
2116,INBK
2117,INCY
2118,INDB
2119,INDY
2120,INFI
2121,INFN
2122,INFU
2123,INFY
2124,ING
2125,INGN
2126,INGR
2127,INKM
2128,INN
2129,INO
2130,INOD
2131,INOV
2132,INSE
2133,INSG
2134,INSI
2135,INSM
2136,INSP
2137,INST
2138,INSW
2139,INTC
2140,INTG
2141,INTL
2142,INTT
2143,INTU
2144,INUV
2145,INVA
2146,INVE
2147,INVH
2148,IONS
2149,IOO
2150,IOR
2151,IOSP
2152,IOVA
2153,IP
2154,IPAR
2155,IPDN
2156,IPG
2157,IPGP
2158,IPI
2159,IPIC
2160,IPWR
2161,IQ
2162,IQI
2163,IQV
2164,IR
2165,IRBT
2166,IRDM
2167,IRET
2168,IRIX
2169,IRM
2170,IRMD
2171,IROQ
2172,IRS
2173,IRT
2174,IRTC
2175,IRWD
2176,ISD
2177,ISDR
2178,ISHG
2179,ISRG
2180,ISRL
2181,ISSC
2182,ISTB
2183,ISTR
2184,IT
2185,ITA
2186,ITB
2187,ITCI
2188,ITGR
2189,ITI
2190,ITIC
2191,ITM
2192,ITOT
2193,ITP
2194,ITRI
2195,ITRM
2196,ITRN
2197,ITT
2198,ITUB
2199,ITW
2200,IUSG
2201,IUSV
2202,IVAC
2203,IVE
2204,IVOG
2205,IVOO
2206,IVOV
2207,IVR
2208,IVV
2209,IVW
2210,IVZ
2211,IWB
2212,IWC
2213,IWD
2214,IWF
2215,IWL
2216,IWM
2217,IWN
2218,IWO
2219,IWP
2220,IWR
2221,IWS
2222,IWV
2223,IWX
2224,IWY
2225,IX
2226,IXC
2227,IXG
2228,IXJ
2229,IXN
2230,IXP
2231,IXUS
2232,IYC
2233,IYE
2234,IYF
2235,IYG
2236,IYH
2237,IYJ
2238,IYK
2239,IYM
2240,IYR
2241,IYT
2242,IYW
2243,IYY
2244,IYZ
2245,IZEA
2246,JACK
2247,JAGX
2248,JAKK
2249,JAZZ
2250,JBGS
2251,JBHT
2252,JBL
2253,JBLU
2254,JBSS
2255,JBT
2256,JCE
2257,JCI
2258,JCTCF
2259,JD
2260,JEF
2261,JELD
2262,JEQ
2263,JFR
2264,JG
2265,JGH
2266,JHG
2267,JHI
2268,JHS
2269,JHX
2270,JILL
2271,JJSF
2272,JKHY
2273,JKS
2274,JLL
2275,JLS
2276,JMM
2277,JNJ
2278,JNK
2279,JNPR
2280,JOB
2281,JOE
2282,JOF
2283,JOUT
2284,JPC
2285,JPI
2286,JPM
2287,JPXN
2288,JQC
2289,JRI
2290,JRS
2291,JRSH
2292,JRVR
2293,JVA
2294,JWN
2295,JXI
2296,JYNT
2297,K
2298,KAI
2299,KALA
2300,KALU
2301,KALV
2302,KAMN
2303,KAR
2304,KB
2305,KBE
2306,KBH
2307,KBR
2308,KBWD
2309,KBWP
2310,KBWR
2311,KBWY
2312,KCE
2313,KDP
2314,KE
2315,KELYA
2316,KELYB
2317,KEM
2318,KEN
2319,KEP
2320,KEQU
2321,KEX
2322,KEY
2323,KEYS
2324,KF
2325,KFFB
2326,KFRC
2327,KFS
2328,KFY
2329,KGC
2330,KGJI
2331,KHC
2332,KIDS
2333,KIE
2334,KIM
2335,KINS
2336,KIO
2337,KIRK
2338,KKR
2339,KLAC
2340,KLIC
2341,KLXE
2342,KMB
2343,KMDA
2344,KMI
2345,KMPR
2346,KMT
2347,KMX
2348,KN
2349,KNDI
2350,KNOP
2351,KNOW
2352,KNSA
2353,KNSL
2354,KNX
2355,KO
2356,KOD
2357,KODK
2358,KOF
2359,KOOL
2360,KOP
2361,KOPN
2362,KOS
2363,KOSS
2364,KPTI
2365,KR
2366,KRC
2367,KRE
2368,KREF
2369,KRG
2370,KRNT
2371,KRNY
2372,KRO
2373,KRP
2374,KRYS
2375,KSM
2376,KSS
2377,KT
2378,KTCC
2379,KTF
2380,KTOS
2381,KURA
2382,KVHI
2383,KW
2384,KWR
2385,KXI
2386,KYN
2387,KZIA
2388,KZR
2389,L
2390,LAC
2391,LAD
2392,LADR
2393,LAKE
2394,LAMR
2395,LANC
2396,LAND
2397,LARK
2398,LASR
2399,LAUR
2400,LAZ
2401,LBAI
2402,LBRDA
2403,LBRDK
2404,LBRT
2405,LBTYA
2406,LBTYB
2407,LBTYK
2408,LC
2409,LCII
2410,LCNB
2411,LCUT
2412,LDOS
2413,LDP
2414,LE
2415,LEA
2416,LECO
2417,LEDS
2418,LEE
2419,LEG
2420,LEGH
2421,LEJU
2422,LEMB
2423,LEN
2424,LEN.B
2425,LEO
2426,LEU
2427,LFUS
2428,LFVN
2429,LGF.A
2430,LGF.B
2431,LGI
2432,LGIH
2433,LGL
2434,LGND
2435,LH
2436,LIFE
2437,LII
2438,LILA
2439,LILAK
2440,LIN
2441,LINC
2442,LIND
2443,LINK
2444,LIQT
2445,LITB
2446,LITE
2447,LIVE
2448,LIVN
2449,LKCO
2450,LKFN
2451,LKQ
2452,LL
2453,LLY
2454,LMAT
2455,LMB
2456,LMFA
2457,LMNR
2458,LMT
2459,LNC
2460,LND
2461,LNG
2462,LNN
2463,LNT
2464,LNTH
2465,LOAN
2466,LOB
2467,LOCO
2468,LODE
2469,LOGI
2470,LOMA
2471,LOOP
2472,LOPE
2473,LOVE
2474,LOW
2475,LPCN
2476,LPG
2477,LPL
2478,LPLA
2479,LPSN
2480,LPTH
2481,LPTX
2482,LPX
2483,LQD
2484,LQDA
2485,LQDT
2486,LRCX
2487,LRN
2488,LSBK
2489,LSCC
2490,LSTR
2491,LSXMA
2492,LSXMB
2493,LSXMK
2494,LTBR
2495,LTC
2496,LTL
2497,LTPZ
2498,LTRPA
2499,LTRPB
2500,LTRX
2501,LULU
2502,LUNA
2503,LUV
2504,LVS
2505,LW
2506,LWAY
2507,LX
2508,LXFR
2509,LXP
2510,LXRX
2511,LXU
2512,LYB
2513,LYG
2514,LYTS
2515,LYV
2516,LZB
2517,M
2518,MA
2519,MAA
2520,MAC
2521,MACK
2522,MAG
2523,MAGS
2524,MAIN
2525,MAN
2526,MANH
2527,MANU
2528,MAR
2529,MARA
2530,MARK
2531,MARPS
2532,MAS
2533,MASI
2534,MAT
2535,MATW
2536,MATX
2537,MAV
2538,MAYS
2539,MBB
2540,MBCN
2541,MBI
2542,MBIN
2543,MBIO
2544,MBOT
2545,MBRX
2546,MBUU
2547,MBWM
2548,MC
2549,MCB
2550,MCBC
2551,MCD
2552,MCFT
2553,MCHI
2554,MCHP
2555,MCHX
2556,MCI
2557,MCK
2558,MCN
2559,MCO
2560,MCR
2561,MCRB
2562,MCRI
2563,MCS
2564,MCY
2565,MD
2566,MDB
2567,MDC
2568,MDGL
2569,MDGS
2570,MDIV
2571,MDJH
2572,MDLZ
2573,MDRR
2574,MDRX
2575,MDT
2576,MDU
2577,MDWD
2578,MDY
2579,MDYG
2580,MDYV
2581,MED
2582,MEDP
2583,MEI
2584,MEIP
2585,MELI
2586,MEOH
2587,MERC
2588,MESA
2589,MESO
2590,MET
2591,METC
2592,MFA
2593,MFC
2594,MFD
2595,MFG
2596,MFIN
2597,MFM
2598,MFV
2599,MG
2600,MGA
2601,MGC
2602,MGEE
2603,MGF
2604,MGIC
2605,MGK
2606,MGM
2607,MGNX
2608,MGPI
2609,MGRC
2610,MGTX
2611,MGV
2612,MGY
2613,MGYR
2614,MHD
2615,MHF
2616,MHH
2617,MHI
2618,MHK
2619,MHLD
2620,MHN
2621,MHO
2622,MICR
2623,MIDD
2624,MIDU
2625,MIN
2626,MIND
2627,MINT
2628,MITK
2629,MITT
2630,MIY
2631,MKC
2632,MKC.V
2633,MKL
2634,MKSI
2635,MKTX
2636,MLAB
2637,MLCO
2638,MLI
2639,MLM
2640,MLN
2641,MLP
2642,MLPA
2643,MLR
2644,MLSS
2645,MMC
2646,MMD
2647,MMI
2648,MMLP
2649,MMM
2650,MMS
2651,MMSI
2652,MMT
2653,MMU
2654,MMYT
2655,MNA
2656,MNDO
2657,MNKD
2658,MNOV
2659,MNR
2660,MNRO
2661,MNST
2662,MNTX
2663,MO
2664,MOAT
2665,MOD
2666,MODN
2667,MOFG
2668,MOG.A
2669,MOG.B
2670,MOGO
2671,MOGU
2672,MOH
2673,MOMO
2674,MOO
2675,MOR
2676,MORN
2677,MORT
2678,MOS
2679,MOTS
2680,MOV
2681,MPA
2682,MPAA
2683,MPB
2684,MPC
2685,MPLX
2686,MPV
2687,MPW
2688,MPWR
2689,MPX
2690,MQT
2691,MQY
2692,MRAM
2693,MRBK
2694,MRC
2695,MRCC
2696,MRCY
2697,MRIN
2698,MRK
2699,MRKR
2700,MRNA
2701,MRNS
2702,MRO
2703,MRSN
2704,MRT
2705,MRTN
2706,MRUS
2707,MRVL
2708,MS
2709,MSA
2710,MSB
2711,MSBI
2712,MSC
2713,MSCI
2714,MSD
2715,MSEX
2716,MSFT
2717,MSI
2718,MSM
2719,MSN
2720,MSTR
2721,MSVB
2722,MT
2723,MTB
2724,MTC
2725,MTCH
2726,MTD
2727,MTDR
2728,MTEM
2729,MTEX
2730,MTG
2731,MTH
2732,MTLS
2733,MTN
2734,MTNB
2735,MTR
2736,MTRN
2737,MTRX
2738,MTSI
2739,MTW
2740,MTX
2741,MTZ
2742,MU
2743,MUA
2744,MUB
2745,MUC
2746,MUE
2747,MUFG
2748,MUI
2749,MUJ
2750,MUNI
2751,MUR
2752,MUSA
2753,MUX
2754,MVBF
2755,MVF
2756,MVIS
2757,MVO
2758,MVT
2759,MVV
2760,MWA
2761,MX
2762,MXC
2763,MXE
2764,MXF
2765,MXI
2766,MXL
2767,MYD
2768,MYE
2769,MYFW
2770,MYGN
2771,MYI
2772,MYN
2773,MYND
2774,MYO
2775,MYRG
2776,MYSZ
2777,MYY
2778,NAC
2779,NAD
2780,NAII
2781,NAK
2782,NAN
2783,NAOV
2784,NAT
2785,NATH
2786,NATR
2787,NAVB
2788,NAVI
2789,NAZ
2790,NBB
2791,NBH
2792,NBHC
2793,NBIX
2794,NBN
2795,NBR
2796,NBTB
2797,NBY
2798,NC
2799,NCA
2800,NCLH
2801,NCMI
2802,NCNA
2803,NCSM
2804,NCTY
2805,NCV
2806,NCZ
2807,NDAQ
2808,NDLS
2809,NDP
2810,NDRA
2811,NDSN
2812,NE
2813,NEA
2814,NEE
2815,NEM
2816,NEN
2817,NEO
2818,NEOG
2819,NEON
2820,NEP
2821,NERV
2822,NESR
2823,NEU
2824,NEWT
2825,NEXA
2826,NEXT
2827,NFBK
2828,NFE
2829,NFG
2830,NFJ
2831,NFLX
2832,NG
2833,NGD
2834,NGG
2835,NGL
2836,NGS
2837,NGVC
2838,NGVT
2839,NHC
2840,NHI
2841,NHS
2842,NHTC
2843,NI
2844,NICE
2845,NICK
2846,NIE
2847,NIM
2848,NINE
2849,NIO
2850,NIU
2851,NJR
2852,NKE
2853,NKSH
2854,NKTR
2855,NKX
2856,NL
2857,NLY
2858,NMFC
2859,NMI
2860,NMIH
2861,NML
2862,NMM
2863,NMR
2864,NMRD
2865,NMRK
2866,NMS
2867,NMT
2868,NMZ
2869,NNBR
2870,NNDM
2871,NNI
2872,NNN
2873,NNVC
2874,NNY
2875,NOA
2876,NOAH
2877,NOBL
2878,NOC
2879,NODK
2880,NOG
2881,NOK
2882,NOM
2883,NOMD
2884,NORW
2885,NOV
2886,NOVT
2887,NOW
2888,NPK
2889,NPO
2890,NPV
2891,NQP
2892,NR
2893,NRC
2894,NRG
2895,NRIM
2896,NRK
2897,NRO
2898,NRP
2899,NRT
2900,NS
2901,NSA
2902,NSC
2903,NSIT
2904,NSP
2905,NSPR
2906,NSSC
2907,NSTG
2908,NSYS
2909,NTAP
2910,NTB
2911,NTCT
2912,NTES
2913,NTG
2914,NTGR
2915,NTIC
2916,NTIP
2917,NTLA
2918,NTNX
2919,NTR
2920,NTRA
2921,NTRP
2922,NTRS
2923,NTWK
2924,NTZ
2925,NUE
2926,NURO
2927,NUS
2928,NUV
2929,NUW
2930,NVAX
2931,NVCR
2932,NVDA
2933,NVEC
2934,NVEE
2935,NVFY
2936,NVG
2937,NVGS
2938,NVMI
2939,NVO
2940,NVR
2941,NVRO
2942,NVS
2943,NVT
2944,NVTA
2945,NWBI
2946,NWE
2947,NWFL
2948,NWL
2949,NWLI
2950,NWN
2951,NWPX
2952,NWS
2953,NWSA
2954,NX
2955,NXC
2956,NXE
2957,NXJ
2958,NXN
2959,NXP
2960,NXPI
2961,NXRT
2962,NXST
2963,NYCB
2964,NYF
2965,NYMT
2966,NYT
2967,NZF
2968,O
2969,OBE
2970,OC
2971,OCC
2972,OCFC
2973,OCN
2974,OCSL
2975,OCUL
2976,OCX
2977,ODC
2978,ODFL
2979,ODP
2980,OEC
2981,OEF
2982,OESX
2983,OFED
2984,OFG
2985,OFIX
2986,OFLX
2987,OFS
2988,OGCP
2989,OGE
2990,OGEN
2991,OGS
2992,OHI
2993,OI
2994,OIA
2995,OIH
2996,OII
2997,OIS
2998,OKE
2999,OKTA
3000,OLED
3001,OLLI
3002,OLN
3003,OLO
3004,OLP
3005,OMAB
3006,OMC
3007,OMCL
3008,OMER
3009,OMEX
3010,OMF
3011,OMI
3012,ON
3013,ONB
3014,ONCY
3015,ONEQ
3016,ONTX
3017,ONVO
3018,OOMA
3019,OPBK
3020,OPGN
3021,OPHC
3022,OPI
3023,OPK
3024,OPOF
3025,OPP
3026,OPRA
3027,OPRX
3028,OPTN
3029,OPTT
3030,OPY
3031,OR
3032,ORA
3033,ORAN
3034,ORC
3035,ORCL
3036,ORGO
3037,ORGS
3038,ORI
3039,ORLY
3040,ORMP
3041,ORN
3042,ORRF
3043,OSBC
3044,OSG
3045,OSIS
3046,OSK
3047,OSPN
3048,OSS
3049,OSTK
3050,OSUR
3051,OTEX
3052,OTLK
3053,OTTR
3054,OTTW
3055,OUT
3056,OVBC
3057,OVID
3058,OVLY
3059,OXBR
3060,OXLC
3061,OXM
3062,OXSQ
3063,OXY
3064,OZK
3065,PAA
3066,PAAS
3067,PAC
3068,PACW
3069,PAG
3070,PAGP
3071,PAGS
3072,PAHC
3073,PAI
3074,PALL
3075,PAM
3076,PANL
3077,PANW
3078,PAR
3079,PARR
3080,PATK
3081,PAVM
3082,PAYC
3083,PAYX
3084,PB
3085,PBA
3086,PBD
3087,PBE
3088,PBF
3089,PBH
3090,PBHC
3091,PBI
3092,PBJ
3093,PBP
3094,PBPB
3095,PBR
3096,PBR.A
3097,PBT
3098,PBW
3099,PBYI
3100,PCAR
3101,PCB
3102,PCEF
3103,PCF
3104,PCG
3105,PCH
3106,PCK
3107,PCM
3108,PCN
3109,PCQ
3110,PCRX
3111,PCTY
3112,PCY
3113,PCYO
3114,PDCO
3115,PDD
3116,PDEX
3117,PDFS
3118,PDI
3119,PDLB
3120,PDM
3121,PDN
3122,PDP
3123,PDS
3124,PDT
3125,PEB
3126,PEBK
3127,PEBO
3128,PED
3129,PEG
3130,PEGA
3131,PEJ
3132,PEN
3133,PENN
3134,PEO
3135,PEP
3136,PERI
3137,PESI
3138,PETQ
3139,PETS
3140,PETZ
3141,PEY
3142,PEZ
3143,PFBC
3144,PFD
3145,PFE
3146,PFF
3147,PFG
3148,PFGC
3149,PFI
3150,PFIE
3151,PFIG
3152,PFIS
3153,PFL
3154,PFLT
3155,PFM
3156,PFMT
3157,PFN
3158,PFO
3159,PFS
3160,PFSI
3161,PFXF
3162,PG
3163,PGC
3164,PGF
3165,PGJ
3166,PGP
3167,PGR
3168,PGRE
3169,PGX
3170,PGZ
3171,PH
3172,PHB
3173,PHD
3174,PHG
3175,PHI
3176,PHIO
3177,PHK
3178,PHM
3179,PHO
3180,PHT
3181,PHUN
3182,PHX
3183,PHYS
3184,PI
3185,PICB
3186,PID
3187,PIE
3188,PII
3189,PIM
3190,PIN
3191,PINC
3192,PIO
3193,PIRS
3194,PIXY
3195,PIZ
3196,PJP
3197,PJT
3198,PK
3199,PKB
3200,PKBK
3201,PKE
3202,PKG
3203,PKOH
3204,PKW
3205,PKX
3206,PLAB
3207,PLAG
3208,PLAY
3209,PLBC
3210,PLCE
3211,PLD
3212,PLG
3213,PLL
3214,PLNT
3215,PLOW
3216,PLPC
3217,PLSE
3218,PLUG
3219,PLUS
3220,PLX
3221,PLXS
3222,PLYA
3223,PLYM
3224,PM
3225,PMD
3226,PMF
3227,PML
3228,PMM
3229,PMO
3230,PMT
3231,PMTS
3232,PMX
3233,PNBK
3234,PNC
3235,PNF
3236,PNFP
3237,PNI
3238,PNM
3239,PNNT
3240,PNQI
3241,PNR
3242,PNRG
3243,PNW
3244,PODD
3245,POLA
3246,POOL
3247,POR
3248,POST
3249,POWI
3250,POWL
3251,PPA
3252,PPBI
3253,PPC
3254,PPG
3255,PPH
3256,PPIH
3257,PPL
3258,PPLT
3259,PPSI
3260,PPT
3261,PRA
3262,PRAA
3263,PRF
3264,PRFT
3265,PRFZ
3266,PRGO
3267,PRGS
3268,PRI
3269,PRIM
3270,PRK
3271,PRLB
3272,PRMW
3273,PRO
3274,PROV
3275,PRPH
3276,PRPL
3277,PRPO
3278,PRQR
3279,PRS
3280,PRT
3281,PRTA
3282,PRTH
3283,PRTS
3284,PRU
3285,PSA
3286,PSCC
3287,PSCD
3288,PSCE
3289,PSCF
3290,PSCH
3291,PSCI
3292,PSCM
3293,PSCT
3294,PSCU
3295,PSEC
3296,PSF
3297,PSI
3298,PSK
3299,PSL
3300,PSLV
3301,PSMT
3302,PSO
3303,PSP
3304,PSR
3305,PST
3306,PSTG
3307,PSX
3308,PT
3309,PTC
3310,PTCT
3311,PTEN
3312,PTF
3313,PTGX
3314,PTH
3315,PTN
3316,PTSI
3317,PTY
3318,PUI
3319,PUK
3320,PULM
3321,PUMP
3322,PVBC
3323,PVH
3324,PVI
3325,PVL
3326,PW
3327,PWB
3328,PWOD
3329,PWR
3330,PWV
3331,PWZ
3332,PXD
3333,PXE
3334,PXF
3335,PXH
3336,PXI
3337,PXJ
3338,PXLW
3339,PXS
3340,PYN
3341,PYPL
3342,PYZ
3343,PZA
3344,PZC
3345,PZG
3346,PZT
3347,PZZA
3348,QABA
3349,QAI
3350,QBAK
3351,QCLN
3352,QCOM
3353,QCRH
3354,QD
3355,QDEF
3356,QDEL
3357,QDF
3358,QFIN
3359,QGEN
3360,QIWI
3361,QLD
3362,QLTA
3363,QLYS
3364,QNST
3365,QQEW
3366,QQQ
3367,QQQE
3368,QQQX
3369,QQXT
3370,QRHC
3371,QRTEA
3372,QRTEB
3373,QRVO
3374,QSR
3375,QTEC
3376,QTRX
3377,QTWO
3378,QUAD
3379,QUIK
3380,QURE
3381,R
3382,RA
3383,RACE
3384,RAIL
3385,RAMP
3386,RAND
3387,RARE
3388,RAVE
3389,RAVI
3390,RBA
3391,RBB
3392,RBBN
3393,RBC
3394,RBCAA
3395,RBCN
3396,RBKB
3397,RC
3398,RCG
3399,RCI
3400,RCKT
3401,RCKY
3402,RCL
3403,RCM
3404,RCMT
3405,RCON
3406,RCS
3407,RCUS
3408,RDCM
3409,RDFN
3410,RDHL
3411,RDI
3412,RDIB
3413,RDN
3414,RDNT
3415,RDUS
3416,RDVT
3417,RDWR
3418,RDY
3419,REED
3420,REFR
3421,REG
3422,REGN
3423,REI
3424,REK
3425,RELL
3426,RELV
3427,RELX
3428,REPL
3429,RES
3430,RETL
3431,RETO
3432,REVG
3433,REX
3434,REXR
3435,REZ
3436,REZI
3437,RF
3438,RFG
3439,RFI
3440,RFIL
3441,RFL
3442,RFV
3443,RGA
3444,RGCO
3445,RGEN
3446,RGLD
3447,RGLS
3448,RGNX
3449,RGR
3450,RGS
3451,RGT
3452,RH
3453,RHE
3454,RHI
3455,RHP
3456,RIBT
3457,RICK
3458,RIG
3459,RIGL
3460,RILY
3461,RINF
3462,RIO
3463,RIOT
3464,RIV
3465,RJF
3466,RKDA
3467,RL
3468,RLGT
3469,RLI
3470,RLJ
3471,RLY
3472,RM
3473,RMAX
3474,RMBL
3475,RMBS
3476,RMCF
3477,RMD
3478,RMNI
3479,RMR
3480,RMT
3481,RMTI
3482,RNG
3483,RNGR
3484,RNP
3485,RNR
3486,RNST
3487,ROAD
3488,ROCK
3489,ROG
3490,ROIC
3491,ROK
3492,ROKU
3493,ROL
3494,ROM
3495,ROOF
3496,ROP
3497,ROST
3498,RPD
3499,RPG
3500,RPM
3501,RPV
3502,RQI
3503,RRC
3504,RRGB
3505,RRR
3506,RRTS
3507,RS
3508,RSG
3509,RSP
3510,RTH
3511,RUBY
3512,RUN
3513,RUSHA
3514,RUSHB
3515,RVNC
3516,RVP
3517,RVSB
3518,RVT
3519,RWJ
3520,RWK
3521,RWL
3522,RWM
3523,RWO
3524,RWR
3525,RWT
3526,RWX
3527,RXD
3528,RXI
3529,RXL
3530,RY
3531,RYAAY
3532,RYAM
3533,RYI
3534,RYN
3535,RYTM
3536,RZG
3537,RZV
3538,S
3539,SA
3540,SAA
3541,SABR
3542,SACH
3543,SAFE
3544,SAFT
3545,SAGE
3546,SAH
3547,SAIA
3548,SAIC
3549,SALM
3550,SAM
3551,SAMG
3552,SAN
3553,SAND
3554,SANM
3555,SANW
3556,SAP
3557,SAR
3558,SASR
3559,SATS
3560,SAVE
3561,SB
3562,SBAC
3563,SBCF
3564,SBFG
3565,SBGI
3566,SBH
3567,SBI
3568,SBLK
3569,SBNY
3570,SBOT
3571,SBOW
3572,SBR
3573,SBRA
3574,SBS
3575,SBSI
3576,SBT
3577,SBUX
3578,SCCO
3579,SCD
3580,SCHA
3581,SCHB
3582,SCHC
3583,SCHD
3584,SCHE
3585,SCHF
3586,SCHG
3587,SCHH
3588,SCHL
3589,SCHM
3590,SCHO
3591,SCHP
3592,SCHR
3593,SCHV
3594,SCHW
3595,SCHX
3596,SCHZ
3597,SCI
3598,SCJ
3599,SCKT
3600,SCL
3601,SCM
3602,SCO
3603,SCOR
3604,SCPH
3605,SCS
3606,SCSC
3607,SCVL
3608,SCWX
3609,SCX
3610,SCYX
3611,SCZ
3612,SD
3613,SDIV
3614,SDOG
3615,SDOW
3616,SDP
3617,SDPI
3618,SDRL
3619,SDY
3620,SE
3621,SEA
3622,SEAC
3623,SEB
3624,SECO
3625,SEDG
3626,SEE
3627,SEED
3628,SEEL
3629,SEF
3630,SEIC
3631,SELF
3632,SEM
3633,SENEA
3634,SENEB
3635,SENS
3636,SES
3637,SF
3638,SFBC
3639,SFBS
3640,SFIX
3641,SFL
3642,SFM
3643,SFNC
3644,SFST
3645,SG
3646,SGA
3647,SGBX
3648,SGC
3649,SGDM
3650,SGH
3651,SGMA
3652,SGMO
3653,SGOL
3654,SGRP
3655,SGRY
3656,SGU
3657,SH
3658,SHAK
3659,SHBI
3660,SHEN
3661,SHG
3662,SHIP
3663,SHM
3664,SHO
3665,SHOO
3666,SHOP
3667,SHV
3668,SHW
3669,SHY
3670,SIBN
3671,SID
3672,SIEB
3673,SIF
3674,SIFI
3675,SIFY
3676,SIG
3677,SIGA
3678,SIGI
3679,SILC
3680,SILJ
3681,SILV
3682,SIM
3683,SIMO
3684,SINT
3685,SIRI
3686,SITC
3687,SITE
3688,SIVR
3689,SIX
3690,SJB
3691,SJM
3692,SJNK
3693,SJT
3694,SJW
3695,SKM
3696,SKT
3697,SKX
3698,SKY
3699,SKYW
3700,SKYY
3701,SLAB
3702,SLB
3703,SLCA
3704,SLDB
3705,SLF
3706,SLG
3707,SLGL
3708,SLGN
3709,SLM
3710,SLNO
3711,SLP
3712,SLRC
3713,SLS
3714,SLV
3715,SLVP
3716,SLX
3717,SLYG
3718,SLYV
3719,SM
3720,SMAR
3721,SMB
3722,SMBC
3723,SMBK
3724,SMFG
3725,SMG
3726,SMH
3727,SMHI
3728,SMI
3729,SMIT
3730,SMLP
3731,SMMF
3732,SMMT
3733,SMMU
3734,SMN
3735,SMP
3736,SMPL
3737,SMRT
3738,SMSI
3739,SMTC
3740,SN
3741,SNA
3742,SNAP
3743,SNBR
3744,SNCR
3745,SND
3746,SNDR
3747,SNDX
3748,SNES
3749,SNFCA
3750,SNGX
3751,SNN
3752,SNOA
3753,SNPS
3754,SNV
3755,SNX
3756,SNY
3757,SO
3758,SOCL
3759,SOHO
3760,SOHU
3761,SOI
3762,SOL
3763,SON
3764,SONO
3765,SOR
3766,SOXL
3767,SOXX
3768,SOYB
3769,SP
3770,SPAB
3771,SPAQ
3772,SPB
3773,SPCB
3774,SPDW
3775,SPE
3776,SPEM
3777,SPFF
3778,SPG
3779,SPGI
3780,SPH
3781,SPHB
3782,SPHD
3783,SPHQ
3784,SPI
3785,SPIB
3786,SPLB
3787,SPLG
3788,SPLK
3789,SPLP
3790,SPLV
3791,SPMD
3792,SPNS
3793,SPOK
3794,SPOT
3795,SPPP
3796,SPR
3797,SPRO
3798,SPSB
3799,SPSC
3800,SPTL
3801,SPTM
3802,SPTN
3803,SPTS
3804,SPWH
3805,SPWR
3806,SPXC
3807,SPXL
3808,SPXX
3809,SPY
3810,SPYG
3811,SPYV
3812,SQ
3813,SQM
3814,SQNS
3815,SQQQ
3816,SR
3817,SRAX
3818,SRCE
3819,SRCL
3820,SRDX
3821,SRE
3822,SRG
3823,SRI
3824,SRPT
3825,SRRK
3826,SRTS
3827,SRV
3828,SSB
3829,SSBI
3830,SSD
3831,SSG
3832,SSKN
3833,SSL
3834,SSNC
3835,SSNT
3836,SSO
3837,SSP
3838,SSRM
3839,SSTI
3840,SSTK
3841,SSY
3842,SSYS
3843,ST
3844,STAA
3845,STAF
3846,STAG
3847,STBA
3848,STC
3849,STCN
3850,STE
3851,STG
3852,STI
3853,STIM
3854,STIP
3855,STK
3856,STKL
3857,STKS
3858,STLD
3859,STM
3860,STN
3861,STNE
3862,STNG
3863,STPZ
3864,STRA
3865,STRL
3866,STRM
3867,STRO
3868,STRS
3869,STRT
3870,STT
3871,STWD
3872,STX
3873,STZ
3874,SU
3875,SUB
3876,SUI
3877,SUM
3878,SUN
3879,SUP
3880,SUPN
3881,SUPV
3882,SUSA
3883,SUZ
3884,SVA
3885,SVM
3886,SVRA
3887,SVT
3888,SVVC
3889,SVXY
3890,SWI
3891,SWK
3892,SWKS
3893,SWN
3894,SWX
3895,SWZ
3896,SXC
3897,SXI
3898,SXT
3899,SXTC
3900,SYBT
3901,SYBX
3902,SYF
3903,SYK
3904,SYNA
3905,SYNH
3906,SYPR
3907,SYRS
3908,SYY
3909,SZK
3910,T
3911,TAC
3912,TACT
3913,TAGS
3914,TAIT
3915,TAK
3916,TAL
3917,TALO
3918,TAN
3919,TANH
3920,TAOP
3921,TAP
3922,TAP.A
3923,TARO
3924,TAST
3925,TATT
3926,TAYD
3927,TBBK
3928,TBF
3929,TBI
3930,TBIO
3931,TBLT
3932,TBNK
3933,TBPH
3934,TBRG
3935,TBT
3936,TBX
3937,TC
3938,TCBI
3939,TCBK
3940,TCCO
3941,TCI
3942,TCMD
3943,TCON
3944,TCPC
3945,TCS
3946,TCX
3947,TD
3948,TDC
3949,TDF
3950,TDG
3951,TDIV
3952,TDOC
3953,TDS
3954,TDTF
3955,TDTT
3956,TDW
3957,TDY
3958,TEAM
3959,TECH
3960,TECK
3961,TECL
3962,TECS
3963,TEF
3964,TEI
3965,TEL
3966,TELL
3967,TENB
3968,TENX
3969,TEO
3970,TER
3971,TEVA
3972,TEX
3973,TFI
3974,TFSL
3975,TFX
3976,TG
3977,TGB
3978,TGEN
3979,TGI
3980,TGLS
3981,TGNA
3982,TGS
3983,TGT
3984,TGTX
3985,THC
3986,THD
3987,THFF
3988,THG
3989,THM
3990,THO
3991,THQ
3992,THR
3993,THRM
3994,THS
3995,THST
3996,THW
3997,TIGO
3998,TILE
3999,TILT
4000,TIP
4001,TIPT
4002,TIPZ
4003,TISI
4004,TITN
4005,TJX
4006,TK
4007,TKC
4008,TKR
4009,TLF
4010,TLH
4011,TLK
4012,TLRY
4013,TLSA
4014,TLT
4015,TLTD
4016,TLTE
4017,TLYS
4018,TM
4019,TME
4020,TMF
4021,TMHC
4022,TMO
4023,TMP
4024,TMQ
4025,TMUS
4026,TMV
4027,TNA
4028,TNC
4029,TNDM
4030,TNET
4031,TNK
4032,TNP
4033,TNXP
4034,TOK
4035,TOL
4036,TOPS
4037,TOUR
4038,TOWN
4039,TPB
4040,TPC
4041,TPH
4042,TPHS
4043,TPIC
4044,TPL
4045,TPR
4046,TPVG
4047,TPX
4048,TPZ
4049,TQQQ
4050,TR
4051,TRC
4052,TREE
4053,TREX
4054,TRGP
4055,TRI
4056,TRIB
4057,TRIP
4058,TRMB
4059,TRMD
4060,TRMK
4061,TRN
4062,TRNO
4063,TRNS
4064,TROW
4065,TROX
4066,TRP
4067,TRS
4068,TRST
4069,TRT
4070,TRTX
4071,TRU
4072,TRUE
4073,TRUP
4074,TRV
4075,TRVG
4076,TRVN
4077,TRX
4078,TS
4079,TSBK
4080,TSCO
4081,TSE
4082,TSEM
4083,TSI
4084,TSLA
4085,TSLX
4086,TSM
4087,TSN
4088,TSQ
4089,TSRI
4090,TTC
4091,TTD
4092,TTEC
4093,TTEK
4094,TTGT
4095,TTI
4096,TTMI
4097,TTNP
4098,TTOO
4099,TTP
4100,TTWO
4101,TU
4102,TUP
4103,TUR
4104,TURN
4105,TUSK
4106,TV
4107,TVC
4108,TWI
4109,TWIN
4110,TWLO
4111,TWLV
4112,TWN
4113,TWNK
4114,TWO
4115,TWOU
4116,TWST
4117,TX
4118,TXMD
4119,TXN
4120,TXRH
4121,TXT
4122,TY
4123,TYD
4124,TYG
4125,TYL
4126,TYO
4127,TZA
4128,TZOO
4129,UA
4130,UAA
4131,UAL
4132,UAMY
4133,UAN
4134,UAVS
4135,UBCP
4136,UBFO
4137,UBOH
4138,UBS
4139,UBSI
4140,UBT
4141,UBX
4142,UCBI
4143,UCC
4144,UCO
4145,UCTT
4146,UDN
4147,UDOW
4148,UDR
4149,UE
4150,UEC
4151,UEIC
4152,UFCS
4153,UFI
4154,UFPI
4155,UFPT
4156,UG
4157,UGA
4158,UGE
4159,UGI
4160,UGL
4161,UGP
4162,UHAL
4163,UHS
4164,UHT
4165,UIS
4166,UJB
4167,UL
4168,ULBI
4169,ULE
4170,ULH
4171,ULTA
4172,UMBF
4173,UMC
4174,UMDD
4175,UMH
4176,UNAM
4177,UNB
4178,UNF
4179,UNFI
4180,UNG
4181,UNH
4182,UNIT
4183,UNL
4184,UNM
4185,UNP
4186,UNTY
4187,UONE
4188,UONEK
4189,UPLD
4190,UPRO
4191,UPS
4192,UPV
4193,UPW
4194,UPWK
4195,URBN
4196,URE
4197,URG
4198,URGN
4199,URI
4200,URTH
4201,URTY
4202,USA
4203,USAC
4204,USAP
4205,USAS
4206,USAU
4207,USB
4208,USCI
4209,USD
4210,USDP
4211,USEG
4212,USFD
4213,USG
4214,USIG
4215,USL
4216,USLM
4217,USM
4218,USMV
4219,USNA
4220,USO
4221,USPH
4222,USRT
4223,UST
4224,UTF
4225,UTG
4226,UTHR
4227,UTI
4228,UTL
4229,UTMD
4230,UTSI
4231,UUP
4232,UUU
4233,UUUU
4234,UVE
4235,UVSP
4236,UVV
4237,UWM
4238,UXI
4239,UXIN
4240,UYG
4241,UYM
4242,V
4243,VAC
4244,VALE
4245,VALU
4246,VAPO
4247,VAW
4248,VB
4249,VBF
4250,VBFC
4251,VBIV
4252,VBK
4253,VBR
4254,VBTX
4255,VC
4256,VCEL
4257,VCIT
4258,VCLT
4259,VCNX
4260,VCR
4261,VCSH
4262,VCTR
4263,VCV
4264,VCYT
4265,VDC
4266,VDE
4267,VEA
4268,VECO
4269,VEEV
4270,VEGA
4271,VEGI
4272,VEON
4273,VERI
4274,VERU
4275,VET
4276,VEU
4277,VFC
4278,VFH
4279,VFL
4280,VGI
4281,VGIT
4282,VGK
4283,VGLT
4284,VGM
4285,VGR
4286,VGSH
4287,VGT
4288,VGZ
4289,VHC
4290,VHI
4291,VHT
4292,VIA
4293,VIAV
4294,VICI
4295,VICR
4296,VIG
4297,VIOG
4298,VIOO
4299,VIOT
4300,VIOV
4301,VIPS
4302,VIRC
4303,VIRT
4304,VIS
4305,VIV
4306,VIVE
4307,VIXM
4308,VKI
4309,VKQ
4310,VKTX
4311,VLGEA
4312,VLO
4313,VLRS
4314,VLT
4315,VLY
4316,VMBS
4317,VMC
4318,VMI
4319,VMO
4320,VNCE
4321,VNDA
4322,VNET
4323,VNM
4324,VNO
4325,VNOM
4326,VNQ
4327,VNQI
4328,VNRX
4329,VO
4330,VOC
4331,VOD
4332,VOE
4333,VONE
4334,VONG
4335,VONV
4336,VOOG
4337,VOOV
4338,VOT
4339,VOX
4340,VOXX
4341,VOYA
4342,VPG
4343,VPL
4344,VPU
4345,VPV
4346,VRA
4347,VRCA
4348,VREX
4349,VRNA
4350,VRNS
4351,VRNT
4352,VRRM
4353,VRSK
4354,VRSN
4355,VRTS
4356,VRTX
4357,VSAT
4358,VSEC
4359,VSH
4360,VSS
4361,VST
4362,VSTM
4363,VSTO
4364,VT
4365,VTGN
4366,VTHR
4367,VTI
4368,VTIP
4369,VTN
4370,VTNR
4371,VTR
4372,VTSI
4373,VTV
4374,VTVT
4375,VTWG
4376,VTWO
4377,VTWV
4378,VUG
4379,VUZI
4380,VV
4381,VVI
4382,VVPR
4383,VVR
4384,VVV
4385,VWO
4386,VXF
4387,VXRT
4388,VXUS
4389,VYGR
4390,VYM
4391,VZ
4392,W
4393,WAB
4394,WABC
4395,WAFD
4396,WAL
4397,WASH
4398,WAT
4399,WATT
4400,WB
4401,WBA
4402,WBS
4403,WCC
4404,WCFB
4405,WCN
4406,WD
4407,WDAY
4408,WDC
4409,WDFC
4410,WEA
4411,WEAT
4412,WEC
4413,WELL
4414,WEN
4415,WERN
4416,WES
4417,WEX
4418,WEYS
4419,WFC
4420,WGO
4421,WH
4422,WHD
4423,WHF
4424,WHG
4425,WHLM
4426,WHLR
4427,WHR
4428,WIA
4429,WILC
4430,WINA
4431,WING
4432,WIP
4433,WIRE
4434,WISA
4435,WIT
4436,WIW
4437,WIX
4438,WK
4439,WKHS
4440,WLDN
4441,WLFC
4442,WLK
4443,WLKP
4444,WM
4445,WMB
4446,WMK
4447,WMS
4448,WMT
4449,WNC
4450,WNEB
4451,WNS
4452,WOOD
4453,WOR
4454,WORX
4455,WOW
4456,WPC
4457,WPM
4458,WPP
4459,WPRT
4460,WPS
4461,WRB
4462,WRK
4463,WRLD
4464,WRN
4465,WSBC
4466,WSBF
4467,WSC
4468,WSFS
4469,WSM
4470,WSO
4471,WSO.B
4472,WSR
4473,WST
4474,WSTL
4475,WTBA
4476,WTER
4477,WTFC
4478,WTI
4479,WTM
4480,WTMF
4481,WTS
4482,WTTR
4483,WTW
4484,WU
4485,WVE
4486,WVFC
4487,WVVI
4488,WWD
4489,WWR
4490,WWW
4491,WY
4492,WYNN
4493,WYY
4494,X
4495,XAR
4496,XBI
4497,XBIO
4498,XBIT
4499,XEL
4500,XELA
4501,XELB
4502,XENE
4503,XERS
4504,XES
4505,XFLT
4506,XHB
4507,XHE
4508,XHR
4509,XHS
4510,XIN
4511,XLB
4512,XLE
4513,XLF
4514,XLG
4515,XLI
4516,XLK
4517,XLP
4518,XLU
4519,XLV
4520,XLY
4521,XME
4522,XMPT
4523,XNCR
4524,XNET
4525,XNTK
4526,XOM
4527,XOMA
4528,XONE
4529,XOP
4530,XPER
4531,XPH
4532,XPL
4533,XPO
4534,XPP
4535,XRAY
4536,XRT
4537,XRX
4538,XSD
4539,XSW
4540,XTL
4541,XTLB
4542,XTN
4543,XTNT
4544,XXII
4545,XYF
4546,XYL
4547,YANG
4548,YCL
4549,YCS
4550,YELP
4551,YETI
4552,YEXT
4553,YGYI
4554,YI
4555,YINN
4556,YMAB
4557,YNDX
4558,YORW
4559,YPF
4560,YRD
4561,YRIV
4562,YTEN
4563,YTRA
4564,YUM
4565,YUMC
4566,YXI
4567,YY
4568,Z
4569,ZBH
4570,ZBRA
4571,ZDGE
4572,ZEUS
4573,ZG
4574,ZION
4575,ZKIN
4576,ZLAB
4577,ZOM
4578,ZROZ
4579,ZS
4580,ZSL
4581,ZTO
4582,ZTR
4583,ZTS
4584,ZUMZ
4585,ZUO
4586,ZYME
